# system info soc_system on 2018.05.24.22:20:55
system_info:
name,value
DEVICE,5CSEBA6U23I7
DEVICE_FAMILY,Cyclone V
GENERATION_ID,1527193117
#
#
# Files generated for soc_system on 2018.05.24.22:20:55
files:
filepath,kind,attributes,module,is_top
simulation/soc_system.v,VERILOG,,soc_system,true
simulation/submodules/interrupt_latency_counter.v,VERILOG,,interrupt_latency_counter,false
simulation/submodules/irq_detector.v,VERILOG,,interrupt_latency_counter,false
simulation/submodules/state_machine_counter.v,VERILOG,,interrupt_latency_counter,false
simulation/submodules/soc_system_LT24_ADC_BUSY.v,VERILOG,,soc_system_LT24_ADC_BUSY,false
simulation/submodules/soc_system_LT24_ADC_SPI.v,VERILOG,,soc_system_LT24_ADC_SPI,false
simulation/submodules/soc_system_LT24_D.v,VERILOG,,soc_system_LT24_D,false
simulation/submodules/soc_system_LT24_RESET_N.v,VERILOG,,soc_system_LT24_RESET_N,false
simulation/submodules/soc_system_button_pio.v,VERILOG,,soc_system_button_pio,false
simulation/submodules/soc_system_dipsw_pio.v,VERILOG,,soc_system_dipsw_pio,false
simulation/submodules/soc_system_f2sdram_only_master.v,VERILOG,,soc_system_f2sdram_only_master,false
simulation/submodules/soc_system_hps_0.v,VERILOG,,soc_system_hps_0,false
simulation/submodules/soc_system_jtag_uart.v,VERILOG,,soc_system_jtag_uart,false
simulation/submodules/soc_system_led_pio.v,VERILOG,,soc_system_led_pio,false
simulation/submodules/altera_avalon_mm_bridge.v,VERILOG,,altera_avalon_mm_bridge,false
simulation/submodules/soc_system_sysid_qsys.v,VERILOG,,soc_system_sysid_qsys,false
simulation/submodules/soc_system_mm_interconnect_0.v,VERILOG,,soc_system_mm_interconnect_0,false
simulation/submodules/soc_system_mm_interconnect_1.v,VERILOG,,soc_system_mm_interconnect_1,false
simulation/submodules/soc_system_mm_interconnect_2.v,VERILOG,,soc_system_mm_interconnect_2,false
simulation/submodules/soc_system_mm_interconnect_3.v,VERILOG,,soc_system_mm_interconnect_3,false
simulation/submodules/soc_system_irq_mapper.sv,SYSTEM_VERILOG,,soc_system_irq_mapper,false
simulation/submodules/soc_system_irq_mapper_001.sv,SYSTEM_VERILOG,,soc_system_irq_mapper_001,false
simulation/submodules/soc_system_irq_mapper_002.sv,SYSTEM_VERILOG,,soc_system_irq_mapper_002,false
simulation/submodules/altera_reset_controller.v,VERILOG,,altera_reset_controller,false
simulation/submodules/altera_reset_synchronizer.v,VERILOG,,altera_reset_controller,false
simulation/submodules/altera_reset_controller.sdc,SDC,,altera_reset_controller,false
simulation/submodules/altera_avalon_st_jtag_interface.v,VERILOG,,altera_avalon_st_jtag_interface,false
simulation/submodules/altera_jtag_dc_streaming.v,VERILOG,,altera_avalon_st_jtag_interface,false
simulation/submodules/altera_jtag_sld_node.v,VERILOG,,altera_avalon_st_jtag_interface,false
simulation/submodules/altera_jtag_streaming.v,VERILOG,,altera_avalon_st_jtag_interface,false
simulation/submodules/altera_avalon_st_clock_crosser.v,VERILOG,,altera_avalon_st_jtag_interface,false
simulation/submodules/altera_std_synchronizer_nocut.v,VERILOG,,altera_avalon_st_jtag_interface,false
simulation/submodules/altera_avalon_st_pipeline_base.v,VERILOG,,altera_avalon_st_jtag_interface,false
simulation/submodules/altera_avalon_st_idle_remover.v,VERILOG,,altera_avalon_st_jtag_interface,false
simulation/submodules/altera_avalon_st_idle_inserter.v,VERILOG,,altera_avalon_st_jtag_interface,false
simulation/submodules/altera_avalon_st_pipeline_stage.sv,SYSTEM_VERILOG,,altera_avalon_st_jtag_interface,false
simulation/submodules/altera_avalon_st_jtag_interface.sdc,SDC,,altera_avalon_st_jtag_interface,false
simulation/submodules/soc_system_f2sdram_only_master_timing_adt.sv,SYSTEM_VERILOG,,soc_system_f2sdram_only_master_timing_adt,false
simulation/submodules/altera_avalon_sc_fifo.v,VERILOG,,altera_avalon_sc_fifo,false
simulation/submodules/altera_avalon_st_bytes_to_packets.v,VERILOG,,altera_avalon_st_bytes_to_packets,false
simulation/submodules/altera_avalon_st_packets_to_bytes.v,VERILOG,,altera_avalon_st_packets_to_bytes,false
simulation/submodules/altera_avalon_packets_to_master.v,VERILOG,,altera_avalon_packets_to_master,false
simulation/submodules/soc_system_f2sdram_only_master_b2p_adapter.sv,SYSTEM_VERILOG,,soc_system_f2sdram_only_master_b2p_adapter,false
simulation/submodules/soc_system_f2sdram_only_master_p2b_adapter.sv,SYSTEM_VERILOG,,soc_system_f2sdram_only_master_p2b_adapter,false
simulation/submodules/hps_sdram.v,VERILOG,,soc_system_hps_0_fpga_interfaces,false
simulation/submodules/aldec/hps_hmctl.v,VERILOG_ENCRYPT,ALDEC_SPECIFIC,soc_system_hps_0_fpga_interfaces,false
simulation/submodules/altdq_dqs2_acv_connect_to_hard_phy_cyclonev.sv,SYSTEM_VERILOG,,soc_system_hps_0_fpga_interfaces,false
simulation/submodules/altera_avalon_clock_source.sv,SYSTEM_VERILOG,,soc_system_hps_0_fpga_interfaces,false
simulation/submodules/altera_avalon_reset_source.sv,SYSTEM_VERILOG,,soc_system_hps_0_fpga_interfaces,false
simulation/submodules/altera_avalon_sc_fifo.v,VERILOG,,soc_system_hps_0_fpga_interfaces,false
simulation/submodules/altera_avalon_st_pipeline_base.v,VERILOG,,soc_system_hps_0_fpga_interfaces,false
simulation/submodules/altera_avalon_st_pipeline_stage.sv,SYSTEM_VERILOG,,soc_system_hps_0_fpga_interfaces,false
simulation/submodules/altera_default_burst_converter.sv,SYSTEM_VERILOG,,soc_system_hps_0_fpga_interfaces,false
simulation/submodules/altera_incr_burst_converter.sv,SYSTEM_VERILOG,,soc_system_hps_0_fpga_interfaces,false
simulation/submodules/altera_mem_if_avalon2apb_bridge.sv,SYSTEM_VERILOG,,soc_system_hps_0_fpga_interfaces,false
simulation/submodules/altera_mem_if_dll_cyclonev.sv,SYSTEM_VERILOG,,soc_system_hps_0_fpga_interfaces,false
simulation/submodules/altera_mem_if_hhp_qseq_top.v,VERILOG,,soc_system_hps_0_fpga_interfaces,false
simulation/submodules/altera_mem_if_hps_memory_controller_top.sv,SYSTEM_VERILOG,,soc_system_hps_0_fpga_interfaces,false
simulation/submodules/altera_mem_if_oct_cyclonev.sv,SYSTEM_VERILOG,,soc_system_hps_0_fpga_interfaces,false
simulation/submodules/altera_mem_if_sequencer_cpu_cv_sim_cpu_inst.v,VERILOG,,soc_system_hps_0_fpga_interfaces,false
simulation/submodules/altera_mem_if_sequencer_cpu_cv_sim_cpu_inst_test_bench.v,VERILOG,,soc_system_hps_0_fpga_interfaces,false
simulation/submodules/altera_mem_if_sequencer_mem_no_ifdef_params.sv,SYSTEM_VERILOG,,soc_system_hps_0_fpga_interfaces,false
simulation/submodules/altera_merlin_address_alignment.sv,SYSTEM_VERILOG,,soc_system_hps_0_fpga_interfaces,false
simulation/submodules/altera_merlin_arbitrator.sv,SYSTEM_VERILOG,,soc_system_hps_0_fpga_interfaces,false
simulation/submodules/altera_merlin_burst_adapter.sv,SYSTEM_VERILOG,,soc_system_hps_0_fpga_interfaces,false
simulation/submodules/altera_merlin_burst_adapter_13_1.sv,SYSTEM_VERILOG,,soc_system_hps_0_fpga_interfaces,false
simulation/submodules/altera_merlin_burst_adapter_new.sv,SYSTEM_VERILOG,,soc_system_hps_0_fpga_interfaces,false
simulation/submodules/altera_merlin_burst_adapter_uncmpr.sv,SYSTEM_VERILOG,,soc_system_hps_0_fpga_interfaces,false
simulation/submodules/altera_merlin_burst_uncompressor.sv,SYSTEM_VERILOG,,soc_system_hps_0_fpga_interfaces,false
simulation/submodules/altera_merlin_master_agent.sv,SYSTEM_VERILOG,,soc_system_hps_0_fpga_interfaces,false
simulation/submodules/altera_merlin_master_translator.sv,SYSTEM_VERILOG,,soc_system_hps_0_fpga_interfaces,false
simulation/submodules/altera_merlin_slave_agent.sv,SYSTEM_VERILOG,,soc_system_hps_0_fpga_interfaces,false
simulation/submodules/altera_merlin_slave_translator.sv,SYSTEM_VERILOG,,soc_system_hps_0_fpga_interfaces,false
simulation/submodules/altera_wrap_burst_converter.sv,SYSTEM_VERILOG,,soc_system_hps_0_fpga_interfaces,false
simulation/submodules/alt_mem_if_common_ddr_mem_model_ddr3_mem_if_dm_pins_en_mem_if_dqsn_en.sv,SYSTEM_VERILOG,,soc_system_hps_0_fpga_interfaces,false
simulation/submodules/alt_mem_if_ddr3_mem_model_top_ddr3_mem_if_dm_pins_en_mem_if_dqsn_en.sv,SYSTEM_VERILOG,,soc_system_hps_0_fpga_interfaces,false
simulation/submodules/hps.sopcinfo,OTHER,,soc_system_hps_0_fpga_interfaces,false
simulation/submodules/hps_AC_ROM.hex,HEX,,soc_system_hps_0_fpga_interfaces,false
simulation/submodules/hps_inst_ROM.hex,HEX,,soc_system_hps_0_fpga_interfaces,false
simulation/submodules/hps_sdram_irq_mapper.sv,SYSTEM_VERILOG,,soc_system_hps_0_fpga_interfaces,false
simulation/submodules/hps_sdram_mm_interconnect_1.v,VERILOG,,soc_system_hps_0_fpga_interfaces,false
simulation/submodules/hps_sdram_mm_interconnect_1_avalon_st_adapter.v,VERILOG,,soc_system_hps_0_fpga_interfaces,false
simulation/submodules/hps_sdram_mm_interconnect_1_avalon_st_adapter_error_adapter_0.sv,SYSTEM_VERILOG,,soc_system_hps_0_fpga_interfaces,false
simulation/submodules/hps_sdram_mm_interconnect_1_cmd_demux.sv,SYSTEM_VERILOG,,soc_system_hps_0_fpga_interfaces,false
simulation/submodules/hps_sdram_mm_interconnect_1_cmd_demux_001.sv,SYSTEM_VERILOG,,soc_system_hps_0_fpga_interfaces,false
simulation/submodules/hps_sdram_mm_interconnect_1_cmd_mux.sv,SYSTEM_VERILOG,,soc_system_hps_0_fpga_interfaces,false
simulation/submodules/hps_sdram_mm_interconnect_1_cmd_mux_001.sv,SYSTEM_VERILOG,,soc_system_hps_0_fpga_interfaces,false
simulation/submodules/hps_sdram_mm_interconnect_1_router.sv,SYSTEM_VERILOG,,soc_system_hps_0_fpga_interfaces,false
simulation/submodules/hps_sdram_mm_interconnect_1_router_001.sv,SYSTEM_VERILOG,,soc_system_hps_0_fpga_interfaces,false
simulation/submodules/hps_sdram_mm_interconnect_1_router_002.sv,SYSTEM_VERILOG,,soc_system_hps_0_fpga_interfaces,false
simulation/submodules/hps_sdram_mm_interconnect_1_router_003.sv,SYSTEM_VERILOG,,soc_system_hps_0_fpga_interfaces,false
simulation/submodules/hps_sdram_mm_interconnect_1_rsp_mux.sv,SYSTEM_VERILOG,,soc_system_hps_0_fpga_interfaces,false
simulation/submodules/hps_sdram_mm_interconnect_1_rsp_mux_001.sv,SYSTEM_VERILOG,,soc_system_hps_0_fpga_interfaces,false
simulation/submodules/hps_sdram_mm_interconnect_2.v,VERILOG,,soc_system_hps_0_fpga_interfaces,false
simulation/submodules/hps_sdram_p0.sv,SYSTEM_VERILOG,,soc_system_hps_0_fpga_interfaces,false
simulation/submodules/hps_sdram_p0_acv_hard_addr_cmd_pads.v,VERILOG,,soc_system_hps_0_fpga_interfaces,false
simulation/submodules/hps_sdram_p0_acv_hard_io_pads.v,VERILOG,,soc_system_hps_0_fpga_interfaces,false
simulation/submodules/hps_sdram_p0_acv_hard_memphy.v,VERILOG,,soc_system_hps_0_fpga_interfaces,false
simulation/submodules/hps_sdram_p0_acv_ldc.v,VERILOG,,soc_system_hps_0_fpga_interfaces,false
simulation/submodules/hps_sdram_p0_altdqdqs.v,VERILOG,,soc_system_hps_0_fpga_interfaces,false
simulation/submodules/hps_sdram_p0_clock_pair_generator.v,VERILOG,,soc_system_hps_0_fpga_interfaces,false
simulation/submodules/hps_sdram_p0_generic_ddio.v,VERILOG,,soc_system_hps_0_fpga_interfaces,false
simulation/submodules/hps_sdram_p0_iss_probe.v,VERILOG,,soc_system_hps_0_fpga_interfaces,false
simulation/submodules/hps_sdram_p0_phy_csr.sv,SYSTEM_VERILOG,,soc_system_hps_0_fpga_interfaces,false
simulation/submodules/hps_sdram_p0_reset.v,VERILOG,,soc_system_hps_0_fpga_interfaces,false
simulation/submodules/hps_sdram_p0_reset_sync.v,VERILOG,,soc_system_hps_0_fpga_interfaces,false
simulation/submodules/hps_sdram_pll.sv,SYSTEM_VERILOG,,soc_system_hps_0_fpga_interfaces,false
simulation/submodules/hps_sequencer_mem.hex,HEX,,soc_system_hps_0_fpga_interfaces,false
simulation/submodules/hps_software/sequencer.c,OTHER,,soc_system_hps_0_fpga_interfaces,false
simulation/submodules/hps_software/sequencer.h,OTHER,,soc_system_hps_0_fpga_interfaces,false
simulation/submodules/hps_software/sequencer_defines.h,OTHER,,soc_system_hps_0_fpga_interfaces,false
simulation/submodules/mentor/hps_hmctl.v,VERILOG_ENCRYPT,MENTOR_SPECIFIC,soc_system_hps_0_fpga_interfaces,false
simulation/submodules/seq/seq.v,VERILOG,,soc_system_hps_0_fpga_interfaces,false
simulation/submodules/seq/seq_addr_router.v,VERILOG,,soc_system_hps_0_fpga_interfaces,false
simulation/submodules/seq/seq_addr_router_001.v,VERILOG,,soc_system_hps_0_fpga_interfaces,false
simulation/submodules/seq/seq_addr_router_001_default_decode.v,VERILOG,,soc_system_hps_0_fpga_interfaces,false
simulation/submodules/seq/seq_addr_router_default_decode.v,VERILOG,,soc_system_hps_0_fpga_interfaces,false
simulation/submodules/seq/seq_altera_avalon_dc_fifo.v,VERILOG,,soc_system_hps_0_fpga_interfaces,false
simulation/submodules/seq/seq_altera_avalon_mm_bridge.v,VERILOG,,soc_system_hps_0_fpga_interfaces,false
simulation/submodules/seq/seq_altera_avalon_mm_clock_crossing_bridge.v,VERILOG,,soc_system_hps_0_fpga_interfaces,false
simulation/submodules/seq/seq_altera_avalon_sc_fifo.v,VERILOG,,soc_system_hps_0_fpga_interfaces,false
simulation/submodules/seq/seq_altera_avalon_st_pipeline_base.v,VERILOG,,soc_system_hps_0_fpga_interfaces,false
simulation/submodules/seq/seq_altera_hhp_apb2avalon_bridge.v,VERILOG,,soc_system_hps_0_fpga_interfaces,false
simulation/submodules/seq/seq_altera_mem_if_simple_avalon_mm_bridge.v,VERILOG,,soc_system_hps_0_fpga_interfaces,false
simulation/submodules/seq/seq_altera_merlin_arbitrator.v,VERILOG,,soc_system_hps_0_fpga_interfaces,false
simulation/submodules/seq/seq_altera_merlin_arb_adder.v,VERILOG,,soc_system_hps_0_fpga_interfaces,false
simulation/submodules/seq/seq_altera_merlin_burst_uncompressor.v,VERILOG,,soc_system_hps_0_fpga_interfaces,false
simulation/submodules/seq/seq_altera_merlin_master_agent.v,VERILOG,,soc_system_hps_0_fpga_interfaces,false
simulation/submodules/seq/seq_altera_merlin_master_translator.v,VERILOG,,soc_system_hps_0_fpga_interfaces,false
simulation/submodules/seq/seq_altera_merlin_slave_agent.v,VERILOG,,soc_system_hps_0_fpga_interfaces,false
simulation/submodules/seq/seq_altera_merlin_slave_translator.v,VERILOG,,soc_system_hps_0_fpga_interfaces,false
simulation/submodules/seq/seq_altera_merlin_traffic_limiter.v,VERILOG,,soc_system_hps_0_fpga_interfaces,false
simulation/submodules/seq/seq_cmd_xbar_demux.v,VERILOG,,soc_system_hps_0_fpga_interfaces,false
simulation/submodules/seq/seq_cmd_xbar_demux_001.v,VERILOG,,soc_system_hps_0_fpga_interfaces,false
simulation/submodules/seq/seq_cmd_xbar_mux.v,VERILOG,,soc_system_hps_0_fpga_interfaces,false
simulation/submodules/seq/seq_hhp_decompress_avl_mm_bridge.v,VERILOG,,soc_system_hps_0_fpga_interfaces,false
simulation/submodules/seq/seq_id_router.v,VERILOG,,soc_system_hps_0_fpga_interfaces,false
simulation/submodules/seq/seq_id_router_default_decode.v,VERILOG,,soc_system_hps_0_fpga_interfaces,false
simulation/submodules/seq/seq_reg_file.v,VERILOG,,soc_system_hps_0_fpga_interfaces,false
simulation/submodules/seq/seq_rsp_xbar_demux.v,VERILOG,,soc_system_hps_0_fpga_interfaces,false
simulation/submodules/seq/seq_rsp_xbar_mux.v,VERILOG,,soc_system_hps_0_fpga_interfaces,false
simulation/submodules/seq/seq_scc_hhp_phase_decode.v,VERILOG,,soc_system_hps_0_fpga_interfaces,false
simulation/submodules/seq/seq_scc_hhp_wrapper.v,VERILOG,,soc_system_hps_0_fpga_interfaces,false
simulation/submodules/seq/seq_scc_mgr.v,VERILOG,,soc_system_hps_0_fpga_interfaces,false
simulation/submodules/seq/seq_scc_reg_file.v,VERILOG,,soc_system_hps_0_fpga_interfaces,false
simulation/submodules/seq/seq_trk_mgr.v,VERILOG,,soc_system_hps_0_fpga_interfaces,false
simulation/submodules/seq_lib/alt_mem_ddrx_buffer.v,VERILOG,,soc_system_hps_0_fpga_interfaces,false
simulation/submodules/seq_lib/alt_mem_ddrx_fifo.v,VERILOG,,soc_system_hps_0_fpga_interfaces,false
simulation/submodules/seq_lib/hmctl_synchronizer.v,VERILOG,,soc_system_hps_0_fpga_interfaces,false
simulation/submodules/verbosity_pkg.sv,SYSTEM_VERILOG, COMMON_SYSTEMVERILOG_PACKAGE=avalon_vip_verbosity_pkg,soc_system_hps_0_fpga_interfaces,false
simulation/submodules/avalon_utilities_pkg.sv,SYSTEM_VERILOG, COMMON_SYSTEMVERILOG_PACKAGE=avalon_vip_avalon_utilities_pkg,soc_system_hps_0_fpga_interfaces,false
simulation/submodules/avalon_mm_pkg.sv,SYSTEM_VERILOG, COMMON_SYSTEMVERILOG_PACKAGE=avalon_vip_avalon_mm_pkg,soc_system_hps_0_fpga_interfaces,false
simulation/submodules/altera_avalon_mm_slave_bfm.sv,SYSTEM_VERILOG,,soc_system_hps_0_fpga_interfaces,false
simulation/submodules/questa_mvc_svapi.svh,SYSTEM_VERILOG,,soc_system_hps_0_fpga_interfaces,false
simulation/submodules/mgc_common_axi.sv,SYSTEM_VERILOG,,soc_system_hps_0_fpga_interfaces,false
simulation/submodules/mgc_axi_master.sv,SYSTEM_VERILOG,,soc_system_hps_0_fpga_interfaces,false
simulation/submodules/mgc_axi_slave.sv,SYSTEM_VERILOG,,soc_system_hps_0_fpga_interfaces,false
simulation/submodules/altera_avalon_interrupt_sink.sv,SYSTEM_VERILOG,,soc_system_hps_0_fpga_interfaces,false
simulation/submodules/soc_system_hps_0_fpga_interfaces_f2h_cold_reset_req.sv,SYSTEM_VERILOG,,soc_system_hps_0_fpga_interfaces,false
simulation/submodules/soc_system_hps_0_fpga_interfaces_f2h_debug_reset_req.sv,SYSTEM_VERILOG,,soc_system_hps_0_fpga_interfaces,false
simulation/submodules/soc_system_hps_0_fpga_interfaces_f2h_warm_reset_req.sv,SYSTEM_VERILOG,,soc_system_hps_0_fpga_interfaces,false
simulation/submodules/soc_system_hps_0_fpga_interfaces_f2h_stm_hw_events.sv,SYSTEM_VERILOG,,soc_system_hps_0_fpga_interfaces,false
simulation/submodules/soc_system_hps_0_fpga_interfaces.sv,SYSTEM_VERILOG,,soc_system_hps_0_fpga_interfaces,false
simulation/submodules/soc_system_hps_0_hps_io.v,VERILOG,,soc_system_hps_0_hps_io,false
simulation/submodules/altera_merlin_slave_translator.sv,SYSTEM_VERILOG,,altera_merlin_slave_translator,false
simulation/submodules/altera_merlin_axi_master_ni.sv,SYSTEM_VERILOG,,altera_merlin_axi_master_ni,false
simulation/submodules/altera_merlin_address_alignment.sv,SYSTEM_VERILOG,,altera_merlin_axi_master_ni,false
simulation/submodules/altera_merlin_slave_agent.sv,SYSTEM_VERILOG,,altera_merlin_slave_agent,false
simulation/submodules/altera_merlin_burst_uncompressor.sv,SYSTEM_VERILOG,,altera_merlin_slave_agent,false
simulation/submodules/soc_system_mm_interconnect_0_router.sv,SYSTEM_VERILOG,,soc_system_mm_interconnect_0_router,false
simulation/submodules/soc_system_mm_interconnect_0_router_002.sv,SYSTEM_VERILOG,,soc_system_mm_interconnect_0_router_002,false
simulation/submodules/altera_merlin_burst_adapter.sv,SYSTEM_VERILOG,,altera_merlin_burst_adapter,false
simulation/submodules/altera_merlin_burst_adapter_uncmpr.sv,SYSTEM_VERILOG,,altera_merlin_burst_adapter,false
simulation/submodules/altera_merlin_burst_adapter_13_1.sv,SYSTEM_VERILOG,,altera_merlin_burst_adapter,false
simulation/submodules/altera_merlin_burst_adapter_new.sv,SYSTEM_VERILOG,,altera_merlin_burst_adapter,false
simulation/submodules/altera_incr_burst_converter.sv,SYSTEM_VERILOG,,altera_merlin_burst_adapter,false
simulation/submodules/altera_wrap_burst_converter.sv,SYSTEM_VERILOG,,altera_merlin_burst_adapter,false
simulation/submodules/altera_default_burst_converter.sv,SYSTEM_VERILOG,,altera_merlin_burst_adapter,false
simulation/submodules/altera_merlin_address_alignment.sv,SYSTEM_VERILOG,,altera_merlin_burst_adapter,false
simulation/submodules/altera_avalon_st_pipeline_stage.sv,SYSTEM_VERILOG,,altera_merlin_burst_adapter,false
simulation/submodules/altera_avalon_st_pipeline_base.v,SYSTEM_VERILOG,,altera_merlin_burst_adapter,false
simulation/submodules/soc_system_mm_interconnect_0_cmd_demux.sv,SYSTEM_VERILOG,,soc_system_mm_interconnect_0_cmd_demux,false
simulation/submodules/soc_system_mm_interconnect_0_cmd_mux.sv,SYSTEM_VERILOG,,soc_system_mm_interconnect_0_cmd_mux,false
simulation/submodules/altera_merlin_arbitrator.sv,SYSTEM_VERILOG,,soc_system_mm_interconnect_0_cmd_mux,false
simulation/submodules/soc_system_mm_interconnect_0_rsp_demux.sv,SYSTEM_VERILOG,,soc_system_mm_interconnect_0_rsp_demux,false
simulation/submodules/soc_system_mm_interconnect_0_rsp_mux.sv,SYSTEM_VERILOG,,soc_system_mm_interconnect_0_rsp_mux,false
simulation/submodules/altera_merlin_arbitrator.sv,SYSTEM_VERILOG,,soc_system_mm_interconnect_0_rsp_mux,false
simulation/submodules/soc_system_mm_interconnect_0_avalon_st_adapter.v,VERILOG,,soc_system_mm_interconnect_0_avalon_st_adapter,false
simulation/submodules/altera_merlin_master_translator.sv,SYSTEM_VERILOG,,altera_merlin_master_translator,false
simulation/submodules/altera_merlin_master_agent.sv,SYSTEM_VERILOG,,altera_merlin_master_agent,false
simulation/submodules/soc_system_mm_interconnect_1_router.sv,SYSTEM_VERILOG,,soc_system_mm_interconnect_1_router,false
simulation/submodules/soc_system_mm_interconnect_1_router_002.sv,SYSTEM_VERILOG,,soc_system_mm_interconnect_1_router_002,false
simulation/submodules/altera_merlin_traffic_limiter.sv,SYSTEM_VERILOG,,altera_merlin_traffic_limiter,false
simulation/submodules/altera_merlin_reorder_memory.sv,SYSTEM_VERILOG,,altera_merlin_traffic_limiter,false
simulation/submodules/altera_avalon_sc_fifo.v,SYSTEM_VERILOG,,altera_merlin_traffic_limiter,false
simulation/submodules/altera_avalon_st_pipeline_base.v,SYSTEM_VERILOG,,altera_merlin_traffic_limiter,false
simulation/submodules/soc_system_mm_interconnect_1_cmd_demux.sv,SYSTEM_VERILOG,,soc_system_mm_interconnect_1_cmd_demux,false
simulation/submodules/soc_system_mm_interconnect_1_cmd_mux.sv,SYSTEM_VERILOG,,soc_system_mm_interconnect_1_cmd_mux,false
simulation/submodules/altera_merlin_arbitrator.sv,SYSTEM_VERILOG,,soc_system_mm_interconnect_1_cmd_mux,false
simulation/submodules/soc_system_mm_interconnect_1_rsp_demux.sv,SYSTEM_VERILOG,,soc_system_mm_interconnect_1_rsp_demux,false
simulation/submodules/soc_system_mm_interconnect_1_rsp_mux.sv,SYSTEM_VERILOG,,soc_system_mm_interconnect_1_rsp_mux,false
simulation/submodules/altera_merlin_arbitrator.sv,SYSTEM_VERILOG,,soc_system_mm_interconnect_1_rsp_mux,false
simulation/submodules/altera_merlin_axi_slave_ni.sv,SYSTEM_VERILOG,,altera_merlin_axi_slave_ni,false
simulation/submodules/altera_merlin_burst_uncompressor.sv,SYSTEM_VERILOG,,altera_merlin_axi_slave_ni,false
simulation/submodules/altera_avalon_sc_fifo.v,VERILOG,,altera_merlin_axi_slave_ni,false
simulation/submodules/altera_merlin_address_alignment.sv,SYSTEM_VERILOG,,altera_merlin_axi_slave_ni,false
simulation/submodules/soc_system_mm_interconnect_2_router.sv,SYSTEM_VERILOG,,soc_system_mm_interconnect_2_router,false
simulation/submodules/soc_system_mm_interconnect_2_router_001.sv,SYSTEM_VERILOG,,soc_system_mm_interconnect_2_router_001,false
simulation/submodules/soc_system_mm_interconnect_2_cmd_demux.sv,SYSTEM_VERILOG,,soc_system_mm_interconnect_2_cmd_demux,false
simulation/submodules/soc_system_mm_interconnect_2_cmd_mux.sv,SYSTEM_VERILOG,,soc_system_mm_interconnect_2_cmd_mux,false
simulation/submodules/altera_merlin_arbitrator.sv,SYSTEM_VERILOG,,soc_system_mm_interconnect_2_cmd_mux,false
simulation/submodules/soc_system_mm_interconnect_2_rsp_demux.sv,SYSTEM_VERILOG,,soc_system_mm_interconnect_2_rsp_demux,false
simulation/submodules/soc_system_mm_interconnect_2_rsp_mux.sv,SYSTEM_VERILOG,,soc_system_mm_interconnect_2_rsp_mux,false
simulation/submodules/altera_merlin_arbitrator.sv,SYSTEM_VERILOG,,soc_system_mm_interconnect_2_rsp_mux,false
simulation/submodules/altera_merlin_width_adapter.sv,SYSTEM_VERILOG,,altera_merlin_width_adapter,false
simulation/submodules/altera_merlin_address_alignment.sv,SYSTEM_VERILOG,,altera_merlin_width_adapter,false
simulation/submodules/altera_merlin_burst_uncompressor.sv,SYSTEM_VERILOG,,altera_merlin_width_adapter,false
simulation/submodules/soc_system_mm_interconnect_3_router.sv,SYSTEM_VERILOG,,soc_system_mm_interconnect_3_router,false
simulation/submodules/soc_system_mm_interconnect_3_router_001.sv,SYSTEM_VERILOG,,soc_system_mm_interconnect_3_router_001,false
simulation/submodules/soc_system_mm_interconnect_3_cmd_demux.sv,SYSTEM_VERILOG,,soc_system_mm_interconnect_3_cmd_demux,false
simulation/submodules/soc_system_mm_interconnect_3_cmd_mux.sv,SYSTEM_VERILOG,,soc_system_mm_interconnect_3_cmd_mux,false
simulation/submodules/altera_merlin_arbitrator.sv,SYSTEM_VERILOG,,soc_system_mm_interconnect_3_cmd_mux,false
simulation/submodules/soc_system_mm_interconnect_3_rsp_mux.sv,SYSTEM_VERILOG,,soc_system_mm_interconnect_3_rsp_mux,false
simulation/submodules/altera_merlin_arbitrator.sv,SYSTEM_VERILOG,,soc_system_mm_interconnect_3_rsp_mux,false
simulation/submodules/soc_system_mm_interconnect_3_avalon_st_adapter.v,VERILOG,,soc_system_mm_interconnect_3_avalon_st_adapter,false
simulation/submodules/verbosity_pkg.sv,SYSTEM_VERILOG, COMMON_SYSTEMVERILOG_PACKAGE=avalon_vip_verbosity_pkg,soc_system_hps_0_hps_io_border,false
simulation/submodules/avalon_utilities_pkg.sv,SYSTEM_VERILOG, COMMON_SYSTEMVERILOG_PACKAGE=avalon_vip_avalon_utilities_pkg,soc_system_hps_0_hps_io_border,false
simulation/submodules/avalon_mm_pkg.sv,SYSTEM_VERILOG, COMMON_SYSTEMVERILOG_PACKAGE=avalon_vip_avalon_mm_pkg,soc_system_hps_0_hps_io_border,false
simulation/submodules/altera_avalon_mm_slave_bfm.sv,SYSTEM_VERILOG,,soc_system_hps_0_hps_io_border,false
simulation/submodules/altera_avalon_interrupt_sink.sv,SYSTEM_VERILOG,,soc_system_hps_0_hps_io_border,false
simulation/submodules/altera_avalon_clock_source.sv,SYSTEM_VERILOG,,soc_system_hps_0_hps_io_border,false
simulation/submodules/altera_avalon_reset_source.sv,SYSTEM_VERILOG,,soc_system_hps_0_hps_io_border,false
simulation/submodules/soc_system_hps_0_hps_io_border_memory.sv,SYSTEM_VERILOG,,soc_system_hps_0_hps_io_border,false
simulation/submodules/soc_system_hps_0_hps_io_border_hps_io.sv,SYSTEM_VERILOG,,soc_system_hps_0_hps_io_border,false
simulation/submodules/soc_system_hps_0_hps_io_border.sv,SYSTEM_VERILOG,,soc_system_hps_0_hps_io_border,false
simulation/submodules/soc_system_mm_interconnect_0_avalon_st_adapter_error_adapter_0.sv,SYSTEM_VERILOG,,soc_system_mm_interconnect_0_avalon_st_adapter_error_adapter_0,false
simulation/submodules/soc_system_mm_interconnect_3_avalon_st_adapter_error_adapter_0.sv,SYSTEM_VERILOG,,soc_system_mm_interconnect_3_avalon_st_adapter_error_adapter_0,false
#
# Map from instance-path to kind of module
instances:
instancePath,module
soc_system.ILC,interrupt_latency_counter
soc_system.LT24_ADC_BUSY,soc_system_LT24_ADC_BUSY
soc_system.LT24_ADC_IRQ_N,soc_system_LT24_ADC_BUSY
soc_system.LT24_ADC_SPI,soc_system_LT24_ADC_SPI
soc_system.LT24_D,soc_system_LT24_D
soc_system.LT24_RESET_N,soc_system_LT24_RESET_N
soc_system.LT24_RS,soc_system_LT24_RESET_N
soc_system.LT24_WR_N,soc_system_LT24_RESET_N
soc_system.button_pio,soc_system_button_pio
soc_system.dipsw_pio,soc_system_dipsw_pio
soc_system.f2sdram_only_master,soc_system_f2sdram_only_master
soc_system.f2sdram_only_master.jtag_phy_embedded_in_jtag_master,altera_avalon_st_jtag_interface
soc_system.f2sdram_only_master.timing_adt,soc_system_f2sdram_only_master_timing_adt
soc_system.f2sdram_only_master.fifo,altera_avalon_sc_fifo
soc_system.f2sdram_only_master.b2p,altera_avalon_st_bytes_to_packets
soc_system.f2sdram_only_master.p2b,altera_avalon_st_packets_to_bytes
soc_system.f2sdram_only_master.transacto,altera_avalon_packets_to_master
soc_system.f2sdram_only_master.b2p_adapter,soc_system_f2sdram_only_master_b2p_adapter
soc_system.f2sdram_only_master.p2b_adapter,soc_system_f2sdram_only_master_p2b_adapter
soc_system.f2sdram_only_master.rst_controller,altera_reset_controller
soc_system.fpga_only_master,soc_system_f2sdram_only_master
soc_system.fpga_only_master.jtag_phy_embedded_in_jtag_master,altera_avalon_st_jtag_interface
soc_system.fpga_only_master.timing_adt,soc_system_f2sdram_only_master_timing_adt
soc_system.fpga_only_master.fifo,altera_avalon_sc_fifo
soc_system.fpga_only_master.b2p,altera_avalon_st_bytes_to_packets
soc_system.fpga_only_master.p2b,altera_avalon_st_packets_to_bytes
soc_system.fpga_only_master.transacto,altera_avalon_packets_to_master
soc_system.fpga_only_master.b2p_adapter,soc_system_f2sdram_only_master_b2p_adapter
soc_system.fpga_only_master.p2b_adapter,soc_system_f2sdram_only_master_p2b_adapter
soc_system.fpga_only_master.rst_controller,altera_reset_controller
soc_system.hps_only_master,soc_system_f2sdram_only_master
soc_system.hps_only_master.jtag_phy_embedded_in_jtag_master,altera_avalon_st_jtag_interface
soc_system.hps_only_master.timing_adt,soc_system_f2sdram_only_master_timing_adt
soc_system.hps_only_master.fifo,altera_avalon_sc_fifo
soc_system.hps_only_master.b2p,altera_avalon_st_bytes_to_packets
soc_system.hps_only_master.p2b,altera_avalon_st_packets_to_bytes
soc_system.hps_only_master.transacto,altera_avalon_packets_to_master
soc_system.hps_only_master.b2p_adapter,soc_system_f2sdram_only_master_b2p_adapter
soc_system.hps_only_master.p2b_adapter,soc_system_f2sdram_only_master_p2b_adapter
soc_system.hps_only_master.rst_controller,altera_reset_controller
soc_system.hps_0,soc_system_hps_0
soc_system.hps_0.fpga_interfaces,soc_system_hps_0_fpga_interfaces
soc_system.hps_0.hps_io,soc_system_hps_0_hps_io
soc_system.hps_0.hps_io.border,soc_system_hps_0_hps_io_border
soc_system.jtag_uart,soc_system_jtag_uart
soc_system.led_pio,soc_system_led_pio
soc_system.mm_bridge_0,altera_avalon_mm_bridge
soc_system.sysid_qsys,soc_system_sysid_qsys
soc_system.mm_interconnect_0,soc_system_mm_interconnect_0
soc_system.mm_interconnect_0.mm_bridge_0_s0_translator,altera_merlin_slave_translator
soc_system.mm_interconnect_0.hps_0_h2f_lw_axi_master_agent,altera_merlin_axi_master_ni
soc_system.mm_interconnect_0.mm_bridge_0_s0_agent,altera_merlin_slave_agent
soc_system.mm_interconnect_0.mm_bridge_0_s0_agent_rsp_fifo,altera_avalon_sc_fifo
soc_system.mm_interconnect_0.mm_bridge_0_s0_agent_rdata_fifo,altera_avalon_sc_fifo
soc_system.mm_interconnect_0.router,soc_system_mm_interconnect_0_router
soc_system.mm_interconnect_0.router_001,soc_system_mm_interconnect_0_router
soc_system.mm_interconnect_0.router_002,soc_system_mm_interconnect_0_router_002
soc_system.mm_interconnect_0.mm_bridge_0_s0_burst_adapter,altera_merlin_burst_adapter
soc_system.mm_interconnect_0.cmd_demux,soc_system_mm_interconnect_0_cmd_demux
soc_system.mm_interconnect_0.cmd_demux_001,soc_system_mm_interconnect_0_cmd_demux
soc_system.mm_interconnect_0.cmd_mux,soc_system_mm_interconnect_0_cmd_mux
soc_system.mm_interconnect_0.rsp_demux,soc_system_mm_interconnect_0_rsp_demux
soc_system.mm_interconnect_0.rsp_mux,soc_system_mm_interconnect_0_rsp_mux
soc_system.mm_interconnect_0.rsp_mux_001,soc_system_mm_interconnect_0_rsp_mux
soc_system.mm_interconnect_0.avalon_st_adapter,soc_system_mm_interconnect_0_avalon_st_adapter
soc_system.mm_interconnect_0.avalon_st_adapter.error_adapter_0,soc_system_mm_interconnect_0_avalon_st_adapter_error_adapter_0
soc_system.mm_interconnect_1,soc_system_mm_interconnect_1
soc_system.mm_interconnect_1.mm_bridge_0_m0_translator,altera_merlin_master_translator
soc_system.mm_interconnect_1.fpga_only_master_master_translator,altera_merlin_master_translator
soc_system.mm_interconnect_1.jtag_uart_avalon_jtag_slave_translator,altera_merlin_slave_translator
soc_system.mm_interconnect_1.ILC_avalon_slave_translator,altera_merlin_slave_translator
soc_system.mm_interconnect_1.sysid_qsys_control_slave_translator,altera_merlin_slave_translator
soc_system.mm_interconnect_1.led_pio_s1_translator,altera_merlin_slave_translator
soc_system.mm_interconnect_1.dipsw_pio_s1_translator,altera_merlin_slave_translator
soc_system.mm_interconnect_1.button_pio_s1_translator,altera_merlin_slave_translator
soc_system.mm_interconnect_1.LT24_D_s1_translator,altera_merlin_slave_translator
soc_system.mm_interconnect_1.LT24_RESET_N_s1_translator,altera_merlin_slave_translator
soc_system.mm_interconnect_1.LT24_RS_s1_translator,altera_merlin_slave_translator
soc_system.mm_interconnect_1.LT24_WR_N_s1_translator,altera_merlin_slave_translator
soc_system.mm_interconnect_1.LT24_ADC_IRQ_N_s1_translator,altera_merlin_slave_translator
soc_system.mm_interconnect_1.LT24_ADC_BUSY_s1_translator,altera_merlin_slave_translator
soc_system.mm_interconnect_1.LT24_ADC_SPI_spi_control_port_translator,altera_merlin_slave_translator
soc_system.mm_interconnect_1.mm_bridge_0_m0_agent,altera_merlin_master_agent
soc_system.mm_interconnect_1.fpga_only_master_master_agent,altera_merlin_master_agent
soc_system.mm_interconnect_1.jtag_uart_avalon_jtag_slave_agent,altera_merlin_slave_agent
soc_system.mm_interconnect_1.ILC_avalon_slave_agent,altera_merlin_slave_agent
soc_system.mm_interconnect_1.sysid_qsys_control_slave_agent,altera_merlin_slave_agent
soc_system.mm_interconnect_1.led_pio_s1_agent,altera_merlin_slave_agent
soc_system.mm_interconnect_1.dipsw_pio_s1_agent,altera_merlin_slave_agent
soc_system.mm_interconnect_1.button_pio_s1_agent,altera_merlin_slave_agent
soc_system.mm_interconnect_1.LT24_D_s1_agent,altera_merlin_slave_agent
soc_system.mm_interconnect_1.LT24_RESET_N_s1_agent,altera_merlin_slave_agent
soc_system.mm_interconnect_1.LT24_RS_s1_agent,altera_merlin_slave_agent
soc_system.mm_interconnect_1.LT24_WR_N_s1_agent,altera_merlin_slave_agent
soc_system.mm_interconnect_1.LT24_ADC_IRQ_N_s1_agent,altera_merlin_slave_agent
soc_system.mm_interconnect_1.LT24_ADC_BUSY_s1_agent,altera_merlin_slave_agent
soc_system.mm_interconnect_1.LT24_ADC_SPI_spi_control_port_agent,altera_merlin_slave_agent
soc_system.mm_interconnect_1.jtag_uart_avalon_jtag_slave_agent_rsp_fifo,altera_avalon_sc_fifo
soc_system.mm_interconnect_1.ILC_avalon_slave_agent_rsp_fifo,altera_avalon_sc_fifo
soc_system.mm_interconnect_1.sysid_qsys_control_slave_agent_rsp_fifo,altera_avalon_sc_fifo
soc_system.mm_interconnect_1.led_pio_s1_agent_rsp_fifo,altera_avalon_sc_fifo
soc_system.mm_interconnect_1.dipsw_pio_s1_agent_rsp_fifo,altera_avalon_sc_fifo
soc_system.mm_interconnect_1.button_pio_s1_agent_rsp_fifo,altera_avalon_sc_fifo
soc_system.mm_interconnect_1.LT24_D_s1_agent_rsp_fifo,altera_avalon_sc_fifo
soc_system.mm_interconnect_1.LT24_RESET_N_s1_agent_rsp_fifo,altera_avalon_sc_fifo
soc_system.mm_interconnect_1.LT24_RS_s1_agent_rsp_fifo,altera_avalon_sc_fifo
soc_system.mm_interconnect_1.LT24_WR_N_s1_agent_rsp_fifo,altera_avalon_sc_fifo
soc_system.mm_interconnect_1.LT24_ADC_IRQ_N_s1_agent_rsp_fifo,altera_avalon_sc_fifo
soc_system.mm_interconnect_1.LT24_ADC_BUSY_s1_agent_rsp_fifo,altera_avalon_sc_fifo
soc_system.mm_interconnect_1.LT24_ADC_SPI_spi_control_port_agent_rsp_fifo,altera_avalon_sc_fifo
soc_system.mm_interconnect_1.router,soc_system_mm_interconnect_1_router
soc_system.mm_interconnect_1.router_001,soc_system_mm_interconnect_1_router
soc_system.mm_interconnect_1.router_002,soc_system_mm_interconnect_1_router_002
soc_system.mm_interconnect_1.router_003,soc_system_mm_interconnect_1_router_002
soc_system.mm_interconnect_1.router_004,soc_system_mm_interconnect_1_router_002
soc_system.mm_interconnect_1.router_005,soc_system_mm_interconnect_1_router_002
soc_system.mm_interconnect_1.router_006,soc_system_mm_interconnect_1_router_002
soc_system.mm_interconnect_1.router_007,soc_system_mm_interconnect_1_router_002
soc_system.mm_interconnect_1.router_008,soc_system_mm_interconnect_1_router_002
soc_system.mm_interconnect_1.router_009,soc_system_mm_interconnect_1_router_002
soc_system.mm_interconnect_1.router_010,soc_system_mm_interconnect_1_router_002
soc_system.mm_interconnect_1.router_011,soc_system_mm_interconnect_1_router_002
soc_system.mm_interconnect_1.router_012,soc_system_mm_interconnect_1_router_002
soc_system.mm_interconnect_1.router_013,soc_system_mm_interconnect_1_router_002
soc_system.mm_interconnect_1.router_014,soc_system_mm_interconnect_1_router_002
soc_system.mm_interconnect_1.mm_bridge_0_m0_limiter,altera_merlin_traffic_limiter
soc_system.mm_interconnect_1.fpga_only_master_master_limiter,altera_merlin_traffic_limiter
soc_system.mm_interconnect_1.cmd_demux,soc_system_mm_interconnect_1_cmd_demux
soc_system.mm_interconnect_1.cmd_demux_001,soc_system_mm_interconnect_1_cmd_demux
soc_system.mm_interconnect_1.cmd_mux,soc_system_mm_interconnect_1_cmd_mux
soc_system.mm_interconnect_1.cmd_mux_001,soc_system_mm_interconnect_1_cmd_mux
soc_system.mm_interconnect_1.cmd_mux_002,soc_system_mm_interconnect_1_cmd_mux
soc_system.mm_interconnect_1.cmd_mux_003,soc_system_mm_interconnect_1_cmd_mux
soc_system.mm_interconnect_1.cmd_mux_004,soc_system_mm_interconnect_1_cmd_mux
soc_system.mm_interconnect_1.cmd_mux_005,soc_system_mm_interconnect_1_cmd_mux
soc_system.mm_interconnect_1.cmd_mux_006,soc_system_mm_interconnect_1_cmd_mux
soc_system.mm_interconnect_1.cmd_mux_007,soc_system_mm_interconnect_1_cmd_mux
soc_system.mm_interconnect_1.cmd_mux_008,soc_system_mm_interconnect_1_cmd_mux
soc_system.mm_interconnect_1.cmd_mux_009,soc_system_mm_interconnect_1_cmd_mux
soc_system.mm_interconnect_1.cmd_mux_010,soc_system_mm_interconnect_1_cmd_mux
soc_system.mm_interconnect_1.cmd_mux_011,soc_system_mm_interconnect_1_cmd_mux
soc_system.mm_interconnect_1.cmd_mux_012,soc_system_mm_interconnect_1_cmd_mux
soc_system.mm_interconnect_1.rsp_demux,soc_system_mm_interconnect_1_rsp_demux
soc_system.mm_interconnect_1.rsp_demux_001,soc_system_mm_interconnect_1_rsp_demux
soc_system.mm_interconnect_1.rsp_demux_002,soc_system_mm_interconnect_1_rsp_demux
soc_system.mm_interconnect_1.rsp_demux_003,soc_system_mm_interconnect_1_rsp_demux
soc_system.mm_interconnect_1.rsp_demux_004,soc_system_mm_interconnect_1_rsp_demux
soc_system.mm_interconnect_1.rsp_demux_005,soc_system_mm_interconnect_1_rsp_demux
soc_system.mm_interconnect_1.rsp_demux_006,soc_system_mm_interconnect_1_rsp_demux
soc_system.mm_interconnect_1.rsp_demux_007,soc_system_mm_interconnect_1_rsp_demux
soc_system.mm_interconnect_1.rsp_demux_008,soc_system_mm_interconnect_1_rsp_demux
soc_system.mm_interconnect_1.rsp_demux_009,soc_system_mm_interconnect_1_rsp_demux
soc_system.mm_interconnect_1.rsp_demux_010,soc_system_mm_interconnect_1_rsp_demux
soc_system.mm_interconnect_1.rsp_demux_011,soc_system_mm_interconnect_1_rsp_demux
soc_system.mm_interconnect_1.rsp_demux_012,soc_system_mm_interconnect_1_rsp_demux
soc_system.mm_interconnect_1.rsp_mux,soc_system_mm_interconnect_1_rsp_mux
soc_system.mm_interconnect_1.rsp_mux_001,soc_system_mm_interconnect_1_rsp_mux
soc_system.mm_interconnect_1.avalon_st_adapter,soc_system_mm_interconnect_0_avalon_st_adapter
soc_system.mm_interconnect_1.avalon_st_adapter.error_adapter_0,soc_system_mm_interconnect_0_avalon_st_adapter_error_adapter_0
soc_system.mm_interconnect_1.avalon_st_adapter_001,soc_system_mm_interconnect_0_avalon_st_adapter
soc_system.mm_interconnect_1.avalon_st_adapter_001.error_adapter_0,soc_system_mm_interconnect_0_avalon_st_adapter_error_adapter_0
soc_system.mm_interconnect_1.avalon_st_adapter_002,soc_system_mm_interconnect_0_avalon_st_adapter
soc_system.mm_interconnect_1.avalon_st_adapter_002.error_adapter_0,soc_system_mm_interconnect_0_avalon_st_adapter_error_adapter_0
soc_system.mm_interconnect_1.avalon_st_adapter_003,soc_system_mm_interconnect_0_avalon_st_adapter
soc_system.mm_interconnect_1.avalon_st_adapter_003.error_adapter_0,soc_system_mm_interconnect_0_avalon_st_adapter_error_adapter_0
soc_system.mm_interconnect_1.avalon_st_adapter_004,soc_system_mm_interconnect_0_avalon_st_adapter
soc_system.mm_interconnect_1.avalon_st_adapter_004.error_adapter_0,soc_system_mm_interconnect_0_avalon_st_adapter_error_adapter_0
soc_system.mm_interconnect_1.avalon_st_adapter_005,soc_system_mm_interconnect_0_avalon_st_adapter
soc_system.mm_interconnect_1.avalon_st_adapter_005.error_adapter_0,soc_system_mm_interconnect_0_avalon_st_adapter_error_adapter_0
soc_system.mm_interconnect_1.avalon_st_adapter_006,soc_system_mm_interconnect_0_avalon_st_adapter
soc_system.mm_interconnect_1.avalon_st_adapter_006.error_adapter_0,soc_system_mm_interconnect_0_avalon_st_adapter_error_adapter_0
soc_system.mm_interconnect_1.avalon_st_adapter_007,soc_system_mm_interconnect_0_avalon_st_adapter
soc_system.mm_interconnect_1.avalon_st_adapter_007.error_adapter_0,soc_system_mm_interconnect_0_avalon_st_adapter_error_adapter_0
soc_system.mm_interconnect_1.avalon_st_adapter_008,soc_system_mm_interconnect_0_avalon_st_adapter
soc_system.mm_interconnect_1.avalon_st_adapter_008.error_adapter_0,soc_system_mm_interconnect_0_avalon_st_adapter_error_adapter_0
soc_system.mm_interconnect_1.avalon_st_adapter_009,soc_system_mm_interconnect_0_avalon_st_adapter
soc_system.mm_interconnect_1.avalon_st_adapter_009.error_adapter_0,soc_system_mm_interconnect_0_avalon_st_adapter_error_adapter_0
soc_system.mm_interconnect_1.avalon_st_adapter_010,soc_system_mm_interconnect_0_avalon_st_adapter
soc_system.mm_interconnect_1.avalon_st_adapter_010.error_adapter_0,soc_system_mm_interconnect_0_avalon_st_adapter_error_adapter_0
soc_system.mm_interconnect_1.avalon_st_adapter_011,soc_system_mm_interconnect_0_avalon_st_adapter
soc_system.mm_interconnect_1.avalon_st_adapter_011.error_adapter_0,soc_system_mm_interconnect_0_avalon_st_adapter_error_adapter_0
soc_system.mm_interconnect_1.avalon_st_adapter_012,soc_system_mm_interconnect_0_avalon_st_adapter
soc_system.mm_interconnect_1.avalon_st_adapter_012.error_adapter_0,soc_system_mm_interconnect_0_avalon_st_adapter_error_adapter_0
soc_system.mm_interconnect_2,soc_system_mm_interconnect_2
soc_system.mm_interconnect_2.hps_only_master_master_translator,altera_merlin_master_translator
soc_system.mm_interconnect_2.hps_only_master_master_agent,altera_merlin_master_agent
soc_system.mm_interconnect_2.hps_0_f2h_axi_slave_agent,altera_merlin_axi_slave_ni
soc_system.mm_interconnect_2.router,soc_system_mm_interconnect_2_router
soc_system.mm_interconnect_2.router_001,soc_system_mm_interconnect_2_router_001
soc_system.mm_interconnect_2.router_002,soc_system_mm_interconnect_2_router_001
soc_system.mm_interconnect_2.hps_only_master_master_limiter,altera_merlin_traffic_limiter
soc_system.mm_interconnect_2.cmd_demux,soc_system_mm_interconnect_2_cmd_demux
soc_system.mm_interconnect_2.cmd_mux,soc_system_mm_interconnect_2_cmd_mux
soc_system.mm_interconnect_2.cmd_mux_001,soc_system_mm_interconnect_2_cmd_mux
soc_system.mm_interconnect_2.rsp_demux,soc_system_mm_interconnect_2_rsp_demux
soc_system.mm_interconnect_2.rsp_demux_001,soc_system_mm_interconnect_2_rsp_demux
soc_system.mm_interconnect_2.rsp_mux,soc_system_mm_interconnect_2_rsp_mux
soc_system.mm_interconnect_2.hps_0_f2h_axi_slave_wr_cmd_width_adapter,altera_merlin_width_adapter
soc_system.mm_interconnect_2.hps_0_f2h_axi_slave_rd_cmd_width_adapter,altera_merlin_width_adapter
soc_system.mm_interconnect_2.hps_0_f2h_axi_slave_wr_rsp_width_adapter,altera_merlin_width_adapter
soc_system.mm_interconnect_2.hps_0_f2h_axi_slave_rd_rsp_width_adapter,altera_merlin_width_adapter
soc_system.mm_interconnect_3,soc_system_mm_interconnect_3
soc_system.mm_interconnect_3.f2sdram_only_master_master_translator,altera_merlin_master_translator
soc_system.mm_interconnect_3.hps_0_f2h_sdram0_data_translator,altera_merlin_slave_translator
soc_system.mm_interconnect_3.f2sdram_only_master_master_agent,altera_merlin_master_agent
soc_system.mm_interconnect_3.hps_0_f2h_sdram0_data_agent,altera_merlin_slave_agent
soc_system.mm_interconnect_3.hps_0_f2h_sdram0_data_agent_rsp_fifo,altera_avalon_sc_fifo
soc_system.mm_interconnect_3.router,soc_system_mm_interconnect_3_router
soc_system.mm_interconnect_3.router_001,soc_system_mm_interconnect_3_router_001
soc_system.mm_interconnect_3.cmd_demux,soc_system_mm_interconnect_3_cmd_demux
soc_system.mm_interconnect_3.rsp_demux,soc_system_mm_interconnect_3_cmd_demux
soc_system.mm_interconnect_3.cmd_mux,soc_system_mm_interconnect_3_cmd_mux
soc_system.mm_interconnect_3.rsp_mux,soc_system_mm_interconnect_3_rsp_mux
soc_system.mm_interconnect_3.hps_0_f2h_sdram0_data_cmd_width_adapter,altera_merlin_width_adapter
soc_system.mm_interconnect_3.hps_0_f2h_sdram0_data_rsp_width_adapter,altera_merlin_width_adapter
soc_system.mm_interconnect_3.avalon_st_adapter,soc_system_mm_interconnect_3_avalon_st_adapter
soc_system.mm_interconnect_3.avalon_st_adapter.error_adapter_0,soc_system_mm_interconnect_3_avalon_st_adapter_error_adapter_0
soc_system.irq_mapper,soc_system_irq_mapper
soc_system.irq_mapper_001,soc_system_irq_mapper_001
soc_system.irq_mapper_002,soc_system_irq_mapper_002
soc_system.rst_controller,altera_reset_controller
soc_system.rst_controller_001,altera_reset_controller
